"Chr","Start","End","Ref","Alt","Func_refGene","Gene_refGene","GeneDetail_refGene","ExonicFunc_refGene","AAChange_refGene","CLINSIG","CLNDBN","CLNACC","CLNDSDB","CLNDSDBID","gnomAD_exome_ALL","gnomAD_exome_AFR","gnomAD_exome_AMR","gnomAD_exome_ASJ","gnomAD_exome_EAS","gnomAD_exome_FIN","gnomAD_exome_NFE","gnomAD_exome_OTH","gnomAD_exome_SAS","intervals","Otherinfo","","variant_depth","read_depth","variant_frequency","analysis","description","report"
"chr1","169510348","169510348","T","C","exonic","F5",".","nonsynonymous SNV","F5:NM_000130:exon13:c.3980A>G:p.H1327R","Benign|Likely benign","not_specified|Thrombophilia_due_to_activated_protein_C_resistance","RCV000248447.1|RCV000332960.1","MedGen|MedGen:OMIM","CN169374|C1861171:188055","0.0566","0.0075","0.0749","0.0624","0.0283","0.0799","0.0557","0.0620","0.0617","Name=F5_Exon 13_R2","4301_F5_01","0/1","301","631","0.4770206022187","TROMBO_basic","F5_Exon_13_R2",TRUE
"chr1","169519049","169519049","T","C","exonic","F5",".","nonsynonymous SNV","F5:NM_000130:exon10:c.1601A>G:p.Q534R","Pathogenic|other|other|other|Benign|Pathogenic,drug response","Thrombophilia_due_to_factor_V_Leiden|Ischemic_stroke,_susceptibility_to|Budd-Chiari_syndrome,_susceptibility_to|Recurrent_abortion|Factor_V_deficiency|Thrombophilia_due_to_activated_protein_C_resistance,hormonal_contraceptives_for_systemic_use_response_-_Toxicity/ADR","RCV000000674.3|RCV000000675.4|RCV000000676.3|RCV000023935.3|RCV000205002.4|RCV000454249.1,RCV000211384.1","MedGen:OMIM:SNOMED_CT|MedGen:OMIM:Orphanet:SNOMED_CT|MedGen:OMIM,MedGen","C0000809:614389:102878001|C0015499:227400:ORPHA326:4320005|C1861171:188055,CN236515","0.9802","0.9959","0.9931","0.9814","0.9999","0.9786","0.9697","0.9788","0.9861","Name=F5_Exon 10_Leiden","4301_F5_02","1/1","1921","1921","1","TROMBO_basic","F5_Exon_10_Leiden",TRUE
"chr2","49189921","49189921","C","T","exonic","FSHR",".","nonsynonymous SNV","FSHR:NM_181446:exon9:c.1961G>A:p.S654N
FSHR:NM_000145:exon10:c.2039G>A:p.S680N","drug response|other|Benign|Benign","Ovarian_response_to_FSH_stimulation|Ovarian_hyperstimulation_syndrome|not_specified|Ovarian_Dysgenesis","RCV000017634.4|RCV000017635.6|RCV000252781.1|RCV000316299.1","MedGen|MedGen:OMIM:Orphanet:SNOMED_CT|MedGen|MedGen","C1848715|C0085083:608115:ORPHA64739:129635004|CN169374|C0342510","0.5738","0.5906","0.6704","0.4780","0.6661","0.5559","0.5480","0.5689","0.5464","Name=FSHR_Ser680Asn","4301_FSHR_01","0/1","874","1803","0.484747642817526","Stimulace","FSHR_Ser680Asn",TRUE
"chr2","49381585","49381585","C","T","UTR5","FSHR","NM_181446:c.-29G>A;NM_000145:c.-29G>A",".",".","Benign|Benign|Benign","not_specified|Ovarian_hyperstimulation_syndrome|Ovarian_Dysgenesis","RCV000125157.2|RCV000308694.1|RCV000407626.1","MedGen|MedGen:OMIM:Orphanet:SNOMED_CT|MedGen","CN169374|C0085083:608115:ORPHA64739:129635004|C0342510","0.3214","0.2583","0.4913","0.2190","0.4775","0.2711","0.2694","0.2865","0.3418","Name=FSHR_-29G-A","4301_FSHR_02","1/0","1044","2071","0.50410429744085","Stimulace","FSHR_-29G-A",TRUE
"chr4","128732926","128732926","A","G","intronic","HSPA4L",".",".",".",".",".",".",".",".",".",".",".",".",".",".",".",".",".",".","4301_HSPA4L_01","1/1","875","879","0.995449374288965","PLK4","HSPA4L_PLK4",TRUE
"chr2","48982755","48982755","G","GGCTGCA","exonic","LHCGR",".","nonframeshift substitution","LHCGR:NM_000233:exon1:c.56delinsTGCAGCC:p.Q18_P19insLQ",".",".",".",".",".","0.1888","0.1771","0.126","0.2849","0.0112","0.1797","0.2701","0.2207","0.1262","Name=LHCGR_ex1_insLQ","4301_LHCGR_02","0/1","747","1632","0.457720588235294","Stimulace","LHCGR_ex1_insLQ",TRUE
"chr1","11854476","11854476","T","G","exonic","MTHFR",".","nonsynonymous SNV","MTHFR:NM_001330358:exon8:c.1409A>C:p.E470A
MTHFR:NM_005957:exon8:c.1286A>C:p.E429A","Benign|other|Uncertain significance|other|drug response|Likely benign|Benign","MTHFR_deficiency,_thermolabile_type|Schizophrenia,_susceptibility_to|Gastrointestinal_stromal_tumor|not_provided|fluorouracil,_leucovorin,_and_oxaliplatin_response_-_Efficacy|Neural_tube_defects,_folate-sensitive|not_specified","RCV000003698.3|RCV000003699.3|RCV000144922.1|RCV000153515.4|RCV000211350.1|RCV000350590.1|RCV000430863.1","MeSH:MedGen:OMIM:Orphanet|MedGen|MedGen|MedGen:OMIM|MedGen","D046152:C0238198:606764:ORPHA44890|CN221809|CN236474|C1866558:601634|CN169374","0.2902","0.1579","0.1600","0.2950","0.2192","0.3202","0.3189","0.2854","0.4112","Name=MTHFR_Exon 7_A1298C","4301_MTHFR_01","0/1","513","1034","0.496131528046422","TROMBO_full","MTHFR_Exon_7_A1298C",TRUE
"chr7","100769706","100769706","T","TG","upstream","SERPINE1","dist=664",".",".",".",".",".",".",".",".",".",".",".",".",".",".",".",".","Name=SERPINE1_PAI-1","4301_SERPINE1_01","1/1","1049","1054","0.995256166982922","TROMBO_full","SERPINE1_PAI-1",TRUE
